Date,Geo,Confirmed,Deaths,Recovered,Daily_Recovery,Daily_Cases,Daily_Deaths,Days
02/27/20,Montréal,1,0,0,0,1,0,1
02/28/20,Montréal,1,0,0,0,0,0,2
02/29/20,Montréal,1,0,0,0,0,0,3
03/01/20,Montréal,1,0,0,0,0,0,4
03/02/20,Montréal,1,0,0,0,0,0,5
03/03/20,Montréal,1,0,0,0,0,0,6
03/04/20,Montréal,1,0,0,0,0,0,7
03/05/20,Montréal,1,0,0,0,0,0,8
03/06/20,Montréal,1,0,0,0,0,0,9
03/07/20,Montréal,1,0,0,0,0,0,10
03/08/20,Montréal,1,0,0,0,0,0,11
03/09/20,Montréal,2,0,0,0,1,0,12
03/10/20,Montréal,3,0,0,0,1,0,13
03/11/20,Montréal,3,0,1,1,0,0,14
03/12/20,Montréal,3,0,1,0,0,0,15
03/13/20,Montréal,7,0,1,0,4,0,16
03/14/20,Montréal,8,0,1,0,1,0,17
03/15/20,Montréal,10,0,1,0,2,0,18
03/16/20,Montréal,18,0,2,1,8,0,19
03/17/20,Montréal,22,0,3,1,4,0,20
03/18/20,Montréal,24,0,3,0,2,0,21
03/19/20,Montréal,28,0,3,0,4,0,22
03/20/20,Montréal,31,0,3,0,3,0,23
03/21/20,Montréal,41,0,3,0,10,0,24
03/22/20,Montréal,46,0,3,0,5,0,25
03/23/20,Montréal,265,0,4,1,219,0,26
03/24/20,Montréal,439,0,6,2,174,0,27
03/25/20,Montréal,603,1,9,3,164,1,28
03/26/20,Montréal,782,1,12,3,179,0,29
03/27/20,Montréal,971,3,13,1,189,2,30
03/28/20,Montréal,1219,3,16,3,248,0,31
03/29/20,Montréal,1361,4,19,3,142,1,32
03/30/20,Montréal,1612,4,24,5,251,0,33
03/31/20,Montréal,1991,7,36,12,379,3,34
04/01/20,Montréal,2097,7,47,11,106,0,35
04/02/20,Montréal,2642,7,62,15,545,0,36
04/03/20,Montréal,2837,29,86,24,195,22,37
04/04/20,Montréal,3261,34,139,53,424,5,38
04/05/20,Montréal,3713,41,239,100,452,7,39
04/06/20,Montréal,3977,58,346,107,264,17,40
04/07/20,Montréal,4407,64,496,150,430,6,41
04/08/20,Montréal,4775,77,709,213,368,13,42
04/09/20,Montréal,5262,93,990,281,487,16,43
04/10/20,Montréal,5617,100,1254,264,355,7,44
04/11/20,Montréal,5861,135,1580,326,244,35,45
04/12/20,Montréal,6088,153,1902,322,227,18,46
04/13/20,Montréal,6393,162,2201,299,305,9,47
04/14/20,Montréal,6628,218,2586,385,235,56,48
04/15/20,Montréal,6830,242,2997,411,202,24,49
04/16/20,Montréal,7281,332,3399,402,451,90,50
04/17/20,Montréal,7760,391,3823,424,479,59,51
04/18/20,Montréal,8052,454,4236,413,292,63,52
04/19/20,Montréal,8457,513,4565,329,405,59,53
04/20/20,Montréal,8964,525,4853,288,507,12,54
04/21/20,Montréal,9348,583,5197,344,384,58,55
04/22/20,Montréal,9856,647,5508,311,508,64,56
04/23/20,Montréal,10375,741,5830,322,519,94,57
04/24/20,Montréal,10897,808,6110,280,522,67,58
04/25/20,Montréal,11161,895,6381,271,264,87,59
04/26/20,Montréal,11621,938,6646,265,460,43,60
04/27/20,Montréal,12034,983,6907,261,413,45,61
04/28/20,Montréal,12487,1039,7248,341,453,56,62
04/29/20,Montréal,12811,1078,7607,359,324,39,63
04/30/20,Montréal,13324,1146,8077,470,513,68,64
05/01/20,Montréal,13979,1245,8410,333,655,99,65
05/02/20,Montréal,14599,1312,8813,403,620,67,66
05/03/20,Montréal,16251,1365,9123,310,1652,53,67
05/04/20,Montréal,16606,1410,9370,247,355,45,68
05/05/20,Montréal,16991,1488,9716,346,385,78,69
05/06/20,Montréal,17442,1562,10028,312,451,74,70
05/07/20,Montréal,17918,1666,10441,413,476,104,71
05/08/20,Montréal,18435,1727,10860,419,517,61,72
05/09/20,Montréal,18855,1760,11246,386,420,33,73
05/10/20,Montréal,19197,1863,11589,343,342,103,74
05/11/20,Montréal,19492,1919,11873,284,295,56,75
05/12/20,Montréal,19878,2003,12383,510,386,84,76
05/13/20,Montréal,20232,2063,12818,435,354,60,77
05/14/20,Montréal,20633,2154,13300,482,401,91,78
05/15/20,Montréal,21038,2182,13787,487,405,28,79
05/16/20,Montréal,21410,2234,14153,366,372,52,80
05/17/20,Montréal,21717,2276,14476,323,307,42,81
05/18/20,Montréal,22028,2296,14740,264,311,20,82
05/19/20,Montréal,22317,2323,15078,338,289,27,83
05/20/20,Montréal,22636,2367,15389,311,319,44,84
05/21/20,Montréal,23064,2411,15741,352,428,44,85
05/22/20,Montréal,23413,2454,16151,410,349,43,86
05/23/20,Montréal,23696,2508,16489,338,283,54,87
05/24/20,Montréal,23918,2538,16793,304,222,30,88
05/25/20,Montréal,24116,2558,17014,221,198,20,89
05/26/20,Montréal,24388,2584,17350,336,272,26,90
05/27/20,Montréal,24611,2624,17661,311,223,40,91
05/28/20,Montréal,24838,2666,18025,364,227,42,92
05/29/20,Montréal,25043,2690,18342,317,205,24,93
05/30/20,Montréal,25227,2740,18678,336,184,50,94
05/31/20,Montréal,25437,2919,18902,224,210,179,95
06/01/20,Montréal,25545,2927,19162,260,108,8,96
06/02/20,Montréal,25652,2947,19420,258,107,20,97
06/03/20,Montréal,25788,2982,19672,252,136,35,98
06/04/20,Montréal,25900,3016,19935,263,112,34,99
06/05/20,Montréal,26025,3047,20144,209,125,31,100
06/06/20,Montréal,26122,3062,20329,185,97,15,101
06/07/20,Montréal,26205,3067,20453,124,83,5,102
06/08/20,Montréal,26288,3068,20583,130,83,1,103
06/09/20,Montréal,26351,3088,20729,146,63,20,104
06/10/20,Montréal,26412,3117,20907,178,61,29,105
06/11/20,Montréal,26475,3130,21080,173,63,13,106
06/12/20,Montréal,26557,3158,21256,176,82,28,107
06/13/20,Montréal,26613,3189,21420,164,56,31,108
06/14/20,Montréal,26688,3189,21542,122,75,0,109
06/15/20,Montréal,26717,3205,21638,96,29,16,110
06/16/20,Montréal,26757,3216,21808,170,40,11,111
06/17/20,Montréal,26815,3238,21912,104,58,22,112
06/18/20,Montréal,26873,3267,22037,125,58,29,113
06/19/20,Montréal,26937,3298,22120,83,64,31,114
06/20/20,Montréal,27001,3321,22221,101,64,23,115
06/21/20,Montréal,27042,3329,22261,40,41,8,116
06/22/20,Montréal,27057,3329,22303,42,15,0,117
06/23/20,Montréal,27074,3331,22365,62,17,2,118
06/24/20,Montréal,27093,3339,22434,69,19,8,119
06/25/20,Montréal,27149,3342,22479,45,56,3,120
06/26/20,Montréal,27149,3342,22523,44,0,0,121
06/27/20,Montréal,27149,3342,22599,76,0,0,122
06/28/20,Montréal,27149,3342,22622,23,0,0,123
06/29/20,Montréal,27270,3361,22646,24,121,19,124
06/30/20,Montréal,27299,3376,22709,63,29,15,125
07/01/20,Montréal,27327,3392,22766,57,28,16,126
07/02/20,Montréal,27349,3396,22838,72,22,4,127
07/03/20,Montréal,27377,3406,22915,77,28,10,128
07/04/20,Montréal,27400,3406,22971,56,23,0,129
07/05/20,Montréal,27417,3408,23010,39,17,2,130
07/06/20,Montréal,27425,3408,23033,23,8,0,131
07/07/20,Montréal,27438,3413,23079,46,13,5,132
07/08/20,Montréal,27461,3415,23118,39,23,2,133
07/09/20,Montréal,27497,3418,23154,36,36,3,134
07/10/20,Montréal,27529,3418,23196,42,32,0,135
07/11/20,Montréal,27555,3420,23229,33,26,2,136
07/12/20,Montréal,27603,3423,23248,19,48,3,137
07/13/20,Montréal,27628,3424,23269,21,25,1,138
07/14/20,Montréal,27661,3426,23308,39,33,2,139
07/15/20,Montréal,27733,3427,23334,26,72,1,140
07/16/20,Montréal,27787,3431,23355,21,54,4,141
07/17/20,Montréal,27863,3431,23376,21,76,0,142
07/18/20,Montréal,27951,3434,23392,16,88,3,143
07/19/20,Montréal,28000,3434,23403,11,49,0,144
07/20/20,Montréal,28075,3434,23424,21,75,0,145
07/21/20,Montréal,28167,3434,23457,33,92,0,146
07/22/20,Montréal,28228,3434,23498,41,61,0,147
07/23/20,Montréal,28274,3434,23539,41,46,0,148
07/24/20,Montréal,28340,3434,23578,39,66,0,149
07/25/20,Montréal,28425,3434,23610,32,85,0,150
07/26/20,Montréal,28475,3434,23682,72,50,0,151
07/27/20,Montréal,28520,3434,23735,53,45,0,152
07/28/20,Montréal,28608,3434,23806,71,88,0,153
07/29/20,Montréal,28656,3434,23898,92,48,0,154
07/30/20,Montréal,28701,3434,23992,94,45,0,155
07/31/20,Montréal,28772,3437,24072,80,71,3,156
08/01/20,Montréal,28843,3441,24135,63,71,4,157
08/02/20,Montréal,28904,3443,24181,46,61,2,158
08/03/20,Montréal,28947,3444,24251,70,43,1,159
08/04/20,Montréal,28987,3445,24309,58,40,1,160
08/05/20,Montréal,29045,3447,24386,77,58,2,161
08/06/20,Montréal,29095,3447,24447,61,50,0,162
08/07/20,Montréal,29133,3447,24507,60,38,0,163
08/08/20,Montréal,29184,3450,24545,38,51,3,164
08/09/20,Montréal,29207,3452,24583,38,23,2,165
08/10/20,Montréal,29244,3450,24618,35,37,0,166
08/11/20,Montréal,29276,3450,24666,48,32,0,167
08/12/20,Montréal,29316,3462,24734,68,40,12,168
08/13/20,Montréal,29363,3463,24796,62,47,1,169
08/14/20,Montréal,29374,3463,24838,42,11,0,170
08/15/20,Montréal,29422,3462,24899,61,48,0,171
08/16/20,Montréal,29440,3462,24927,28,18,0,172
08/17/20,Montréal,29450,3462,24973,46,10,0,173
08/18/20,Montréal,29472,3462,25034,61,22,0,174
08/19/20,Montréal,29491,3464,25081,47,19,2,175
08/20/20,Montréal,29514,3464,25115,34,23,0,176
08/21/20,Montréal,29546,3465,25152,37,32,1,177
08/22/20,Montréal,29582,3466,25195,43,36,1,178
08/23/20,Montréal,29595,3466,25223,28,13,0,179
08/24/20,Montréal,29621,3466,25260,37,26,0,180
08/25/20,Montréal,29637,3465,25293,33,16,0,181
08/26/20,Montréal,29713,3465,25324,31,76,0,182
08/27/20,Montréal,29754,3467,25362,38,41,2,183
08/28/20,Montréal,29744,3466,25391,29,0,0,184
08/29/20,Montréal,29769,3469,25406,15,25,3,185
08/30/20,Montréal,29815,3469,25425,19,46,0,186
08/31/20,Montréal,29840,3469,25441,16,25,0,187
09/01/20,Montréal,29862,3471,25464,23,22,2,188
09/02/20,Montréal,29894,3472,25491,27,32,1,189
09/03/20,Montréal,29935,3475,25531,40,41,3,190
09/04/20,Montréal,29960,3474,25562,31,25,0,191
09/05/20,Montréal,30028,3474,25585,23,68,0,192
09/06/20,Montréal,30085,3474,25602,17,57,0,193
09/07/20,Montréal,30148,3474,25627,25,63,0,194
09/08/20,Montréal,30191,3474,25691,64,43,0,195
09/09/20,Montréal,30245,3474,25761,70,54,0,196
09/10/20,Montréal,30283,3474,25820,59,38,0,197
09/11/20,Montréal,30323,3473,25871,51,40,0,198
09/12/20,Montréal,30378,3477,25935,64,55,4,199
09/13/20,Montréal,30435,3476,25984,49,57,0,200
09/14/20,Montréal,30474,3476,26025,41,39,0,201
09/15/20,Montréal,30570,3476,26103,78,96,0,202
09/16/20,Montréal,30667,3476,26170,67,97,0,203
09/17/20,Montréal,30963,3476,26231,61,296,0,204
09/18/20,Montréal,31021,3476,26295,64,58,0,205
09/19/20,Montréal,31149,3476,26376,81,128,0,206
09/20/20,Montréal,31309,3476,26469,93,160,0,207
09/21/20,Montréal,31528,3476,26573,104,219,0,208
09/22/20,Montréal,31670,3476,26689,116,142,0,209
09/23/20,Montréal,31816,3477,26768,79,146,1,210
09/24/20,Montréal,32063,3477,26840,72,247,0,211
09/25/20,Montréal,32292,3478,26941,101,229,1,212
09/26/20,Montréal,32564,3478,27064,123,272,0,213
09/27/20,Montréal,32939,3478,27207,143,375,0,214
09/28/20,Montréal,33184,3478,27370,163,245,0,215
09/29/20,Montréal,33418,3479,27502,132,234,1,216
09/30/20,Montréal,33736,3480,27633,131,318,1,217
10/01/20,Montréal,34055,3481,27799,166,319,1,218
10/02/20,Montréal,34412,3482,28020,221,357,1,219
10/03/20,Montréal,34823,3482,28304,284,411,0,220
10/04/20,Montréal,35167,3483,28594,290,344,1,221
10/05/20,Montréal,35496,3484,28914,320,329,1,222
10/06/20,Montréal,35938,3487,29231,317,442,3,223
10/07/20,Montréal,36207,3487,29946,715,269,0,224
10/08/20,Montréal,36497,3490,30265,319,290,3,225
10/09/20,Montréal,36842,3493,30584,319,345,3,226
10/10/20,Montréal,37119,3495,30975,391,277,2,227
10/11/20,Montréal,37355,3495,31365,390,236,0,228
10/12/20,Montréal,37664,3495,31698,333,309,0,229
10/13/20,Montréal,37942,3495,31698,0,278,0,230
10/14/20,Montréal,38131,3498,32254,556,189,3,231
10/15/20,Montréal,38427,3501,32505,251,296,3,232
10/16/20,Montréal,38677,3506,32806,301,250,5,233
10/17/20,Montréal,38968,3507,33131,325,291,1,234
10/18/20,Montréal,39203,3507,33427,296,235,0,235
10/19/20,Montréal,39396,3507,33709,282,193,0,236
10/20/20,Montréal,39712,3516,34005,296,316,9,237
10/21/20,Montréal,39935,3513,34199,194,223,0,238
10/22/20,Montréal,40233,3513,34372,173,298,0,239
10/23/20,Montréal,40470,3514,34547,175,237,1,240
10/24/20,Montréal,40723,3514,34808,261,253,0,241
10/25/20,Montréal,40869,3515,35028,220,146,1,242
10/26/20,Montréal,41076,3515,35302,274,207,0,243
10/27/20,Montréal,41395,3518,35586,284,319,3,244
10/28/20,Montréal,41649,3521,35804,218,254,3,245
10/29/20,Montréal,41894,3526,35994,190,245,5,246
10/30/20,Montréal,42171,3527,36345,351,277,1,247
10/31/20,Montréal,42404,3529,36607,262,233,2,248
11/01/20,Montréal,42651,3529,36846,239,247,0,249
11/02/20,Montréal,42875,3529,37076,230,224,0,250
11/03/20,Montréal,43084,3535,37311,235,209,6,251
11/04/20,Montréal,43289,3538,37525,214,205,3,252
11/05/20,Montréal,43550,3541,37726,201,261,3,253
11/06/20,Montréal,43837,3544,38014,288,287,3,254
11/07/20,Montréal,44123,3547,38236,222,286,3,255
11/08/20,Montréal,44431,3547,38458,222,308,0,256
11/09/20,Montréal,44716,3548,38646,188,285,1,257
11/10/20,Montréal,44969,3553,38891,245,253,5,258
11/11/20,Montréal,45287,3554,39068,177,318,1,259
11/12/20,Montréal,45612,3562,39246,178,325,8,260
11/13/20,Montréal,45929,3566,39491,245,317,4,261
11/14/20,Montréal,46270,3568,39745,254,341,2,262
11/15/20,Montréal,46583,3568,40068,323,313,0,263
11/16/20,Montréal,46868,3570,40346,278,285,2,264
11/17/20,Montréal,47135,3577,40611,265,267,7,265
11/18/20,Montréal,47415,3579,40846,235,280,2,266
11/19/20,Montréal,47615,3586,41128,282,200,7,267
11/20/20,Montréal,47909,3589,41469,341,294,3,268
11/21/20,Montréal,48165,3591,41813,344,256,2,269
11/22/20,Montréal,48451,3591,42123,310,286,0,270
11/23/20,Montréal,48745,3595,42453,330,294,4,271
11/24/20,Montréal,49029,3596,42734,281,284,1,272
11/25/20,Montréal,49248,3600,42957,223,219,4,273
11/26/20,Montréal,49584,3600,42957,0,336,0,274
11/27/20,Montréal,49890,3610,43483,526,306,10,275
11/28/20,Montréal,50319,3618,43766,283,429,8,276
11/29/20,Montréal,50756,3621,44058,292,437,3,277
11/30/20,Montréal,51156,3621,44299,241,400,0,278
12/01/20,Montréal,51462,3628,44543,244,306,7,279
12/02/20,Montréal,51848,3641,44802,259,386,13,280
12/03/20,Montréal,52221,3649,45031,229,373,8,281
12/04/20,Montréal,52674,3654,45346,315,453,5,282
12/05/20,Montréal,53304,3666,45644,298,630,12,283
12/06/20,Montréal,53818,3670,45985,341,514,4,284
12/07/20,Montréal,54290,3673,46377,392,472,3,285
12/08/20,Montréal,54782,3677,46694,317,492,4,286
12/09/20,Montréal,55260,3682,47020,326,478,5,287
12/10/20,Montréal,55908,3688,47346,326,648,6,288
12/11/20,Montréal,56420,3700,47852,506,512,12,289
12/12/20,Montréal,57073,3707,48353,501,653,7,290
12/13/20,Montréal,57821,3708,48812,459,748,1,291
12/14/20,Montréal,58373,3708,49256,444,552,0,292
12/15/20,Montréal,58913,3725,49753,497,540,17,293
12/16/20,Montréal,59539,3731,50149,396,626,6,294
12/17/20,Montréal,60100,3731,50573,424,561,0,295
12/18/20,Montréal,60709,3741,51156,583,609,10,296
12/19/20,Montréal,61334,3749,51822,666,625,8,297
12/20/20,Montréal,62120,3749,52424,602,786,0,298
12/21/20,Montréal,62828,3761,53007,583,708,12,299
12/22/20,Montréal,63721,3764,53606,599,893,3,300
12/23/20,Montréal,64520,3788,54147,541,799,24,301
12/24/20,Montréal,65412,3788,54756,609,892,0,302
12/25/20,Montréal,65412,3788,54756,0,0,0,303
12/26/20,Montréal,66791,3788,54756,0,1379,0,304
12/27/20,Montréal,67734,3788,54756,0,943,0,305
12/28/20,Montréal,68680,3826,57649,2893,946,38,306
12/29/20,Montréal,69648,3840,58394,745,968,14,307
12/30/20,Montréal,70402,3847,59061,667,754,7,308
12/31/20,Montréal,71826,3862,59710,649,1424,15,309
01/01/21,Montréal,72762,3862,59710,0,936,0,310
01/02/21,Montréal,72762,3862,59710,0,0,0,311
01/03/21,Montréal,74062,3886,59710,0,1300,24,312
01/04/21,Montréal,75190,3895,62903,3193,1128,9,313
01/05/21,Montréal,75980,3907,63413,510,790,12,314
01/06/21,Montréal,76826,3923,64135,722,846,16,315
01/07/21,Montréal,77697,3947,64787,652,871,24,316
01/08/21,Montréal,78534,3958,66005,1218,837,11,317
01/09/21,Montréal,80065,3967,67111,1106,1531,9,318
01/10/21,Montréal,81136,3977,68141,1030,1071,10,319
01/11/21,Montréal,81886,3983,68838,697,750,6,320
01/12/21,Montréal,82483,3992,69509,671,597,9,321
01/13/21,Montréal,83210,4001,70341,832,727,9,322
01/14/21,Montréal,84021,4023,71148,807,811,22,323
01/15/21,Montréal,84781,4049,72300,1152,760,26,324
01/16/21,Montréal,85739,4074,73268,968,958,25,325
01/17/21,Montréal,86493,4084,74198,930,754,10,326
01/18/21,Montréal,87139,4095,75054,856,646,11,327
01/19/21,Montréal,87618,4114,75918,864,479,19,328
01/20/21,Montréal,88247,4131,76688,770,629,17,329
01/21/21,Montréal,88926,4151,77358,670,679,20,330
01/22/21,Montréal,89607,4182,78084,726,681,31,331
01/23/21,Montréal,90276,4220,78777,693,669,38,332
01/24/21,Montréal,90856,4231,79549,772,580,11,333
01/25/21,Montréal,91334,4248,80201,652,478,17,334
01/26/21,Montréal,91813,4268,80941,740,479,20,335
01/27/21,Montréal,92364,4274,81434,493,551,6,336
01/28/21,Montréal,92910,4285,82040,606,546,11,337
01/29/21,Montréal,93447,4298,82796,756,537,13,338
01/30/21,Montréal,94024,4308,83469,673,577,10,339
01/31/21,Montréal,94520,4316,84092,623,496,8,340
02/01/21,Montréal,94863,4327,84669,577,343,11,341
02/02/21,Montréal,95399,4333,85239,570,536,6,342
02/03/21,Montréal,95893,4340,85715,476,494,7,343
02/04/21,Montréal,96425,4351,86164,449,532,11,344
02/05/21,Montréal,96914,4361,86874,710,489,10,345
02/06/21,Montréal,97519,4365,87464,590,605,4,346
02/07/21,Montréal,97995,4378,88011,547,476,13,347
02/08/21,Montréal,98388,4383,88546,535,393,5,348
02/09/21,Montréal,98769,4395,89070,524,381,12,349
02/10/21,Montréal,99268,4406,89447,377,499,11,350
02/11/21,Montréal,99771,4424,89937,490,503,18,351
02/12/21,Montréal,100203,4434,90585,648,432,10,352
02/13/21,Montréal,100680,4441,91126,541,477,7,353
02/14/21,Montréal,101077,4443,91648,522,397,2,354
02/15/21,Montréal,101393,4449,92180,532,316,6,355
02/16/21,Montréal,101721,4456,92668,488,328,7,356
02/17/21,Montréal,102103,4461,93079,411,382,5,357
02/18/21,Montréal,102519,4459,93445,366,416,0,358
02/19/21,Montréal,102872,4467,94049,604,353,8,359
02/20/21,Montréal,103206,4474,94530,481,334,7,360
02/21/21,Montréal,103536,4478,95013,483,330,4,361
02/22/21,Montréal,103952,4483,95442,429,416,5,362
02/23/21,Montréal,104312,4487,95888,446,360,4,363
02/24/21,Montréal,104722,4489,96196,308,410,2,364
02/25/21,Montréal,105106,4495,96543,347,384,6,365
02/26/21,Montréal,105520,4499,97014,471,414,4,366
02/27/21,Montréal,105872,4502,97355,341,352,3,367
02/28/21,Montréal,106189,4506,97766,411,317,4,368
03/01/21,Montréal,106492,4507,98170,404,303,1,369
03/02/21,Montréal,106748,4510,98573,403,256,3,370
03/03/21,Montréal,107086,4519,98908,335,338,9,371
03/04/21,Montréal,107405,4529,99202,294,319,10,372
03/05/21,Montréal,107750,4532,99640,438,345,3,373
03/06/21,Montréal,108088,4536,100021,381,338,4,374
03/07/21,Montréal,108417,4542,100428,407,329,6,375
03/08/21,Montréal,108693,4546,100770,342,276,4,376
03/09/21,Montréal,108984,4550,101156,386,291,4,377
03/10/21,Montréal,109352,4553,101392,236,368,3,378
03/11/21,Montréal,109693,4558,101642,250,341,5,379
03/12/21,Montréal,110053,4558,102028,386,360,0,380
03/13/21,Montréal,110407,4561,102363,335,354,3,381
03/14/21,Montréal,110703,4564,102731,368,296,3,382
03/15/21,Montréal,110950,4570,103068,337,247,6,383
03/16/21,Montréal,111195,4576,103411,343,245,6,384
03/17/21,Montréal,111511,4581,103669,258,316,5,385
03/18/21,Montréal,111829,4584,103945,276,318,3,386
03/19/21,Montréal,112146,4589,104288,343,317,5,387
03/20/21,Montréal,112443,4589,104642,354,297,0,388
03/21/21,Montréal,112707,4591,104952,310,264,2,389
03/22/21,Montréal,113027,4597,105296,344,320,6,390
03/23/21,Montréal,113267,4598,105551,255,240,1,391
03/24/21,Montréal,113574,4603,105787,236,307,5,392
03/25/21,Montréal,113925,4606,106049,262,351,3,393
03/26/21,Montréal,114238,4608,106372,323,313,2,394
03/27/21,Montréal,114605,4611,106707,335,367,3,395
03/28/21,Montréal,114885,4612,107050,343,280,1,396
03/29/21,Montréal,115154,4614,107361,311,269,2,397
03/30/21,Montréal,115459,4617,107634,273,305,3,398
03/31/21,Montréal,115807,4618,107901,267,348,1,399
04/01/21,Montréal,116200,4623,108189,288,393,5,400
04/02/21,Montréal,116588,4625,108561,372,388,2,401
04/03/21,Montréal,116949,4628,108906,345,361,3,402
04/04/21,Montréal,117251,4629,109235,329,302,1,403
04/05/21,Montréal,117599,4630,109553,318,348,1,404
04/06/21,Montréal,117899,4634,109861,308,300,4,405
04/07/21,Montréal,118198,4634,110174,313,299,0,406
04/08/21,Montréal,118568,4639,110443,269,370,5,407
04/09/21,Montréal,118960,4639,110870,427,392,0,408
04/10/21,Montréal,119388,4642,111259,389,428,3,409
04/11/21,Montréal,119718,4644,111658,399,330,2,410
04/12/21,Montréal,120076,4646,111992,334,358,2,411
04/13/21,Montréal,120376,4647,112317,325,300,1,412
04/14/21,Montréal,120689,4647,112581,264,313,0,413
04/15/21,Montréal,121079,4650,112819,238,390,3,414
04/16/21,Montréal,121434,4651,113190,371,355,1,415
04/17/21,Montréal,121809,4651,113586,396,375,0,416
04/18/21,Montréal,122145,4653,113969,383,336,2,417
04/19/21,Montréal,122432,4655,114390,421,287,2,418
04/20/21,Montréal,122656,4661,114748,358,224,6,419
04/21/21,Montréal,122902,4663,115052,304,246,2,420
04/22/21,Montréal,123209,4664,115329,277,307,1,421
04/23/21,Montréal,123467,4667,115725,396,258,3,422
04/24/21,Montréal,123758,4668,116040,315,291,1,423
04/25/21,Montréal,124014,4671,116420,380,256,3,424
04/26/21,Montréal,124237,4674,116762,342,223,3,425
04/27/21,Montréal,124432,4676,117059,297,195,2,426
04/28/21,Montréal,124726,4676,117321,262,294,0,427
04/29/21,Montréal,124999,4676,117538,217,273,0,428
04/30/21,Montréal,125296,4679,117858,320,297,3,429
05/01/21,Montréal,125604,4680,118152,294,308,1,430
05/02/21,Montréal,125881,4681,118449,297,277,1,431
05/03/21,Montréal,126087,4681,118721,272,206,0,432
05/04/21,Montréal,126277,4684,118955,234,190,3,433
05/05/21,Montréal,126532,4687,119170,215,255,3,434
05/06/21,Montréal,126744,4687,119391,221,212,0,435
05/07/21,Montréal,126938,4687,119697,306,194,0,436
05/08/21,Montréal,127142,4688,119983,286,204,1,437
05/09/21,Montréal,127424,4690,120283,300,282,2,438
05/10/21,Montréal,127613,4691,120555,272,189,1,439
05/11/21,Montréal,127781,4696,120785,230,168,5,440
05/12/21,Montréal,127986,4697,120999,214,205,1,441
05/13/21,Montréal,128188,4698,121161,162,202,1,442
05/14/21,Montréal,128426,4700,121404,243,238,2,443
05/15/21,Montréal,128661,4703,121627,223,235,3,444
05/16/21,Montréal,128882,4703,121855,228,221,0,445
05/17/21,Montréal,129071,4709,122078,223,189,6,446
05/18/21,Montréal,129244,4714,122287,209,173,5,447
05/19/21,Montréal,129406,4716,122465,178,162,2,448
05/20/21,Montréal,129599,4718,122602,137,193,2,449
05/21/21,Montréal,129866,4723,122823,221,267,5,450
05/22/21,Montréal,130025,4726,123049,226,159,3,451
05/23/21,Montréal,130192,4727,123273,224,167,1,452
05/24/21,Montréal,130352,4731,123514,241,160,4,453
05/25/21,Montréal,130466,4733,123721,207,114,2,454
05/26/21,Montréal,130562,4733,123871,150,96,0,455
05/27/21,Montréal,130720,4737,124060,189,158,4,456
05/28/21,Montréal,130851,4737,124257,197,131,0,457
05/29/21,Montréal,130989,4739,124487,230,138,2,458
05/30/21,Montréal,131094,4740,124721,234,105,1,459
05/31/21,Montréal,131173,4741,124883,162,79,1,460
06/01/21,Montréal,131208,4741,125057,174,35,0,461
06/02/21,Montréal,131307,4742,125199,142,99,1,462
06/03/21,Montréal,131407,4744,125332,133,100,2,463
06/04/21,Montréal,131496,4747,125482,150,89,3,464
06/05/21,Montréal,131562,4748,125638,156,66,1,465
06/06/21,Montréal,131619,4748,125783,145,57,0,466
06/07/21,Montréal,131685,4749,125941,158,66,1,467
06/08/21,Montréal,131734,4751,126054,113,49,2,468
06/09/21,Montréal,131795,4752,126139,85,61,1,469
06/10/21,Montréal,131847,4753,126216,77,52,1,470
06/11/21,Montréal,131913,4754,126338,122,66,1,471
06/12/21,Montréal,131973,4754,126445,107,60,0,472
06/13/21,Montréal,132035,4755,126545,100,62,1,473
06/14/21,Montréal,132083,4756,126624,79,48,1,474
06/15/21,Montréal,132109,4757,126702,78,26,1,475
06/16/21,Montréal,132155,4757,126757,55,46,0,476
06/17/21,Montréal,132210,4757,126832,75,55,0,477
06/18/21,Montréal,132246,4757,126909,77,36,0,478
06/19/21,Montréal,132319,4759,126973,64,73,2,479
06/20/21,Montréal,132356,4761,127040,67,37,2,480
06/21/21,Montréal,132392,4761,127105,65,36,0,481
06/22/21,Montréal,132417,4763,127159,54,25,2,482
06/23/21,Montréal,132461,4764,127226,67,44,1,483
06/24/21,Montréal,132490,4764,127253,27,29,0,484
06/25/21,Montréal,132490,4764,127253,0,0,0,485
06/26/21,Montréal,132520,4764,127317,64,30,0,486
06/27/21,Montréal,132586,4764,127411,94,66,0,487
06/28/21,Montréal,132617,4764,127463,52,31,0,488
06/29/21,Montréal,132646,4766,127509,46,29,2,489
06/30/21,Montréal,132702,4768,127560,51,56,2,490
07/01/21,Montréal,132748,4767,127590,30,46,0,491
07/02/21,Montréal,132776,4767,127636,46,28,0,492
07/03/21,Montréal,132800,4768,127668,32,24,1,493
07/04/21,Montréal,132826,4768,127701,33,26,0,494
07/05/21,Montréal,132843,4768,127728,27,17,0,495
07/06/21,Montréal,132857,4768,127768,40,14,0,496
07/07/21,Montréal,132892,4768,127799,31,35,0,497
07/08/21,Montréal,132917,4768,127829,30,25,0,498
07/09/21,Montréal,133108,4768,128004,175,191,0,499
07/10/21,Montréal,133134,4768,128054,50,26,0,500
07/11/21,Montréal,133156,4769,128078,24,22,1,501
07/12/21,Montréal,133181,4769,128121,43,25,0,502
07/13/21,Montréal,133200,4769,128151,30,19,0,503
07/14/21,Montréal,133232,4769,128174,23,32,0,504
07/15/21,Montréal,133260,4770,128189,15,28,1,505
07/16/21,Montréal,133295,4771,128224,35,35,1,506
07/17/21,Montréal,133333,4772,128249,25,38,1,507
07/18/21,Montréal,133358,4772,128288,39,25,0,508
07/19/21,Montréal,133289,4772,128309,21,0,0,509
07/20/21,Montréal,133331,4772,128309,0,42,0,510
07/21/21,Montréal,133277,4772,128146,0,0,0,511
07/22/21,Montréal,133277,4773,128146,0,0,1,512
07/23/21,Montréal,133322,4773,128175,29,45,0,513
07/24/21,Montréal,133372,4773,128201,26,50,0,514
07/25/21,Montréal,133416,4773,128243,42,44,0,515
07/26/21,Montréal,133454,4773,128280,37,38,0,516
07/27/21,Montréal,133485,4773,128315,35,31,0,517
07/28/21,Montréal,133530,4773,128351,36,45,0,518
07/29/21,Montréal,133576,4773,128387,36,46,0,519
07/30/21,Montréal,133620,4773,128428,41,44,0,520
07/31/21,Montréal,133694,4773,128480,52,74,0,521
08/01/21,Montréal,133765,4773,128537,57,71,0,522
08/02/21,Montréal,133813,4773,128593,56,48,0,523
08/03/21,Montréal,133862,4773,128640,47,49,0,524
08/04/21,Montréal,133901,4773,128681,41,39,0,525
08/05/21,Montréal,134043,4773,128721,40,142,0,526
08/06/21,Montréal,134093,4774,128758,37,50,1,527
08/07/21,Montréal,134168,4774,128787,29,75,0,528
08/08/21,Montréal,134266,4774,128836,49,98,0,529
08/09/21,Montréal,134344,4774,128905,69,78,0,530
08/10/21,Montréal,134402,4774,128984,79,58,0,531
08/11/21,Montréal,134540,4774,129036,52,138,0,532
08/12/21,Montréal,134649,4774,129086,50,109,0,533
08/13/21,Montréal,134802,4774,129161,75,153,0,534
08/14/21,Montréal,134956,4774,129241,80,154,0,535
08/15/21,Montréal,135249,4774,129444,203,293,0,536
08/16/21,Montréal,135249,4774,129444,0,0,0,537
08/17/21,Montréal,135374,4774,129528,84,125,0,538
08/18/21,Montréal,135531,4774,129611,83,157,0,539
08/19/21,Montréal,135681,4774,129675,64,150,0,540
08/20/21,Montréal,135876,4774,129772,97,195,0,541
08/21/21,Montréal,136072,4774,129866,94,196,0,542
08/22/21,Montréal,136250,4774,130010,144,178,0,543
08/23/21,Montréal,136408,4774,130159,149,158,0,544
08/24/21,Montréal,136540,4774,130322,163,132,0,545
08/25/21,Montréal,136733,4775,130456,134,193,1,546
08/26/21,Montréal,136960,4775,130564,108,227,0,547
08/27/21,Montréal,137163,4775,130741,177,203,0,548
08/28/21,Montréal,137403,4775,130910,169,240,0,549
08/29/21,Montréal,137604,4775,131112,202,201,0,550
08/30/21,Montréal,137734,4775,131296,184,130,0,551
08/31/21,Montréal,137866,4775,131458,162,132,0,552
09/01/21,Montréal,138108,4775,131589,131,242,0,553
09/02/21,Montréal,138340,4775,131720,131,232,0,554
09/03/21,Montréal,138602,4776,131905,185,262,1,555
09/04/21,Montréal,138795,4776,132146,241,193,0,556
09/05/21,Montréal,139130,4776,132369,223,335,0,557
09/06/21,Montréal,139304,4776,132570,201,174,0,558
09/07/21,Montréal,139486,4776,132762,192,182,0,559
09/08/21,Montréal,139658,4776,132902,140,172,0,560
09/09/21,Montréal,139887,4776,133049,147,229,0,561
09/10/21,Montréal,140137,4778,133293,244,250,2,562
09/11/21,Montréal,140465,4780,133539,246,328,2,563
09/12/21,Montréal,140703,4780,133769,230,238,0,564
09/13/21,Montréal,140935,4780,134033,264,232,0,565
09/14/21,Montréal,141156,4781,134252,219,221,1,566
09/15/21,Montréal,141448,4782,134428,176,292,1,567
09/16/21,Montréal,141739,4784,134639,211,291,2,568
09/17/21,Montréal,142043,4785,134838,199,304,1,569
09/18/21,Montréal,142304,4785,135069,231,261,0,570
09/19/21,Montréal,142567,4785,135330,261,263,0,571
09/20/21,Montréal,142830,4785,135664,334,263,0,572
09/21/21,Montréal,143006,4787,135903,239,176,2,573
09/22/21,Montréal,143243,4790,136107,204,237,3,574
09/23/21,Montréal,143502,4793,136326,219,259,3,575
09/24/21,Montréal,143714,4794,136562,236,212,1,576
09/25/21,Montréal,143714,4794,136562,0,0,0,577
09/26/21,Montréal,143714,4794,136562,0,0,0,578
09/27/21,Montréal,144390,4797,137368,806,676,3,579
09/28/21,Montréal,144520,4799,137593,225,130,2,580
09/29/21,Montréal,144707,4801,137836,243,187,2,581
09/30/21,Montréal,144936,4801,138069,233,229,0,582
10/01/21,Montréal,145015,4803,138200,131,79,2,583
10/02/21,Montréal,145181,4803,138437,237,166,0,584
10/03/21,Montréal,145322,4803,138678,241,141,0,585
10/04/21,Montréal,145441,4806,138897,219,119,3,586
10/05/21,Montréal,145553,4808,139123,226,112,2,587
10/06/21,Montréal,145700,4808,139274,151,147,0,588
10/07/21,Montréal,145870,4812,139431,157,170,4,589
10/08/21,Montréal,146050,4813,139632,201,180,1,590
10/09/21,Montréal,146197,4813,139859,227,147,0,591
10/10/21,Montréal,146373,4813,140044,185,176,0,592
10/11/21,Montréal,146482,4817,140197,153,109,4,593
10/12/21,Montréal,146596,4818,140332,135,114,1,594
10/13/21,Montréal,146730,4820,140455,123,134,2,595
10/14/21,Montréal,146911,4822,140591,136,181,2,596
10/15/21,Montréal,147098,4822,140754,163,187,0,597
10/16/21,Montréal,147285,4822,140920,166,187,0,598
10/17/21,Montréal,147416,4822,141074,154,131,0,599
10/18/21,Montréal,147543,4823,141213,139,127,1,600
10/19/21,Montréal,147639,4825,141357,144,96,2,601
10/20/21,Montréal,147778,4826,141472,115,139,1,602
10/21/21,Montréal,147912,4826,141613,141,134,0,603
10/22/21,Montréal,148049,4829,141770,157,137,3,604
10/23/21,Montréal,148153,4830,141935,165,104,1,605
10/24/21,Montréal,148265,4830,142134,199,112,0,606
10/25/21,Montréal,148342,4831,142281,147,77,1,607
10/26/21,Montréal,148438,4833,142442,161,96,2,608
10/27/21,Montréal,148600,4834,142561,119,162,1,609
10/28/21,Montréal,148742,4834,142673,112,142,0,610
10/29/21,Montréal,148876,4835,142806,133,134,1,611
10/30/21,Montréal,149054,4836,142945,139,178,1,612
10/31/21,Montréal,149190,4836,143064,119,136,0,613
11/01/21,Montréal,149328,4838,143171,107,138,2,614
11/02/21,Montréal,149451,4839,143274,103,123,1,615
11/03/21,Montréal,149572,4842,143358,84,121,3,616
11/04/21,Montréal,149729,4843,143479,121,157,1,617
11/05/21,Montréal,149862,4843,143613,134,133,0,618
11/06/21,Montréal,150023,4845,143751,138,161,2,619
11/07/21,Montréal,150199,4846,143882,131,176,1,620
11/08/21,Montréal,150378,4847,144018,136,179,1,621
11/09/21,Montréal,150568,4847,144156,138,190,0,622
11/10/21,Montréal,150760,4847,144283,127,192,0,623
11/11/21,Montréal,150974,4848,144403,120,214,1,624
11/12/21,Montréal,151202,4848,144522,119,228,0,625
11/13/21,Montréal,151370,4849,144667,145,168,1,626
11/14/21,Montréal,151547,4850,144825,158,177,1,627
11/15/21,Montréal,151704,4851,144995,170,157,1,628
11/16/21,Montréal,151840,4851,145196,201,136,0,629
11/17/21,Montréal,152081,4851,145339,143,241,0,630
11/18/21,Montréal,152310,4851,145483,144,229,0,631
11/19/21,Montréal,152513,4851,145721,238,203,0,632
11/20/21,Montréal,152757,4852,145916,195,244,1,633
11/21/21,Montréal,152962,4852,146139,223,205,0,634
11/22/21,Montréal,153168,4853,146308,169,206,1,635
11/23/21,Montréal,153372,4854,146489,181,204,1,636
11/24/21,Montréal,154383,4854,148084,1595,1011,0,637
11/25/21,Montréal,155121,4857,148084,0,738,3,638
11/26/21,Montréal,155376,4859,148335,251,255,2,639
11/27/21,Montréal,155740,4861,148560,225,364,2,640
11/28/21,Montréal,155985,4861,148753,193,245,0,641
11/29/21,Montréal,156196,4861,149010,257,211,0,642
11/30/21,Montréal,156429,4862,149223,213,233,1,643
12/01/21,Montréal,156776,4863,149424,201,347,1,644
12/02/21,Montréal,157111,4863,149601,177,335,0,645
12/03/21,Montréal,157505,4863,149873,272,394,0,646
12/04/21,Montréal,157883,4863,150155,282,378,0,647
12/05/21,Montréal,158250,4863,150412,257,367,0,648
12/06/21,Montréal,158600,4863,150661,249,350,0,649
12/07/21,Montréal,158961,4863,150920,259,361,0,650
12/08/21,Montréal,159308,4863,151134,214,347,0,651
12/09/21,Montréal,159786,4863,151384,250,478,0,652
12/10/21,Montréal,160342,4866,151743,359,556,3,653
12/11/21,Montréal,160894,4866,152062,319,552,0,654
12/12/21,Montréal,161345,4866,152441,379,451,0,655
12/13/21,Montréal,161806,4867,152801,360,461,1,656
12/14/21,Montréal,162222,4868,153190,389,416,1,657
12/15/21,Montréal,163066,4871,153520,330,844,3,658
12/16/21,Montréal,164015,4872,153853,333,949,1,659
12/17/21,Montréal,165252,4873,154279,426,1237,1,660
12/18/21,Montréal,166195,4873,154712,433,943,0,661
12/19/21,Montréal,167241,4873,155289,577,1046,0,662
12/20/21,Montréal,168696,4874,155789,500,1455,1,663
12/21/21,Montréal,170352,4876,156297,508,1656,2,664
12/22/21,Montréal,172109,4876,156712,415,1757,0,665
12/23/21,Montréal,175777,4876,157203,491,3668,0,666
12/24/21,Montréal,179361,4877,158095,892,3584,1,667
12/25/21,Montréal,182441,4878,159213,1118,3080,1,668
12/26/21,Montréal,185218,4880,160490,1277,2777,2,669
12/27/21,Montréal,187604,4882,161811,1321,2386,2,670
12/28/21,Montréal,191363,4883,163466,1655,3759,1,671
12/29/21,Montréal,195189,4886,164964,1498,3826,3,672
12/30/21,Montréal,199567,4887,166728,1764,4378,1,673
12/31/21,Montréal,204830,4889,169656,2928,5263,2,674
01/01/22,Montréal,208395,4889,173378,3722,3565,0,675
01/02/22,Montréal,212215,4889,177534,4156,3820,0,676
01/03/22,Montréal,215834,4890,181390,3856,3619,1,677
01/04/22,Montréal,219919,4896,184206,2816,4085,6,678
01/05/22,Montréal,223703,4899,186551,2345,3784,3,679
01/06/22,Montréal,227907,4907,189895,3344,4204,8,680
01/07/22,Montréal,232283,4914,194382,4487,4376,7,681
01/08/22,Montréal,232283,4914,194382,0,0,0,682
01/09/22,Montréal,236023,4923,199465,5083,3740,9,683
01/10/22,Montréal,241676,4931,209979,10514,5653,8,684
01/11/22,Montréal,244899,4946,213934,3955,3223,15,685
01/12/22,Montréal,247359,4959,216848,2914,2460,13,686
01/13/22,Montréal,249706,4973,220862,4014,2347,14,687
01/14/22,Montréal,251980,4987,226204,5342,2274,14,688
01/15/22,Montréal,254131,5001,230907,4703,2151,14,689
01/16/22,Montréal,256000,5001,234763,3856,1869,0,690
01/17/22,Montréal,257382,5022,237500,2737,1382,21,691
01/18/22,Montréal,258252,5034,239727,2227,870,12,692
01/19/22,Montréal,259626,5052,241055,1328,1374,18,693
01/20/22,Montréal,261002,5072,242480,1425,1376,20,694
01/21/22,Montréal,262604,5081,244515,2035,1602,9,695
01/22/22,Montréal,263818,5094,245964,1449,1214,13,696
01/23/22,Montréal,264615,5096,247366,1402,797,2,697
01/24/22,Montréal,265178,5114,248550,1184,563,18,698
01/25/22,Montréal,265794,5124,249645,1095,616,10,699
01/26/22,Montréal,266653,5143,250628,983,859,19,700
01/27/22,Montréal,267382,5154,251552,924,729,11,701
01/28/22,Montréal,268074,5160,252626,1074,692,6,702
01/29/22,Montréal,268762,5183,253820,1194,688,23,703
01/30/22,Montréal,269292,5183,254821,1001,530,0,704
01/31/22,Montréal,269730,5199,255720,899,438,16,705
02/01/22,Montréal,270200,5205,256632,912,470,6,706
02/02/22,Montréal,270874,5214,257334,702,674,9,707
02/03/22,Montréal,271448,5220,258129,795,574,6,708
02/04/22,Montréal,272241,5229,259099,970,793,9,709
02/05/22,Montréal,272808,5237,259887,788,567,8,710
02/06/22,Montréal,273234,5237,260632,745,426,0,711
02/07/22,Montréal,273615,5243,261346,714,381,6,712
02/08/22,Montréal,274060,5251,262053,707,445,8,713
02/09/22,Montréal,274703,5256,262619,566,643,5,714
02/10/22,Montréal,275186,5262,263273,654,483,6,715
02/11/22,Montréal,275186,5262,263273,0,0,0,716
02/12/22,Montréal,276131,5272,264777,1504,945,10,717
02/13/22,Montréal,276440,5273,265417,640,309,1,718
02/14/22,Montréal,276665,5276,266007,590,225,3,719
02/15/22,Montréal,277105,5276,266721,714,440,0,720
02/16/22,Montréal,277582,5282,267267,546,477,6,721
02/17/22,Montréal,277964,5282,267856,589,382,0,722
02/18/22,Montréal,278311,5293,268510,654,347,11,723
02/19/22,Montréal,278667,5294,269139,629,356,1,724
02/20/22,Montréal,278854,5295,269575,436,187,1,725
02/21/22,Montréal,279013,5295,269994,419,159,0,726
02/22/22,Montréal,279273,5297,270439,445,260,2,727
02/23/22,Montréal,279596,5301,270847,408,323,4,728
02/24/22,Montréal,279827,5304,271207,360,231,3,729
02/25/22,Montréal,280123,5308,271635,428,296,4,730
02/26/22,Montréal,280123,5308,271635,0,0,0,731
02/27/22,Montréal,280519,5309,272303,668,396,1,732
02/28/22,Montréal,280669,5310,272822,519,150,1,733
03/01/22,Montréal,280756,5311,272837,15,87,1,734
03/02/22,Montréal,281033,5311,273080,243,277,0,735
03/03/22,Montréal,281243,5319,273319,239,210,8,736
03/04/22,Montréal,281484,5324,273687,368,241,5,737
03/05/22,Montréal,281689,5326,273921,234,205,2,738
03/06/22,Montréal,281807,5327,274149,228,118,1,739
03/07/22,Montréal,281905,5328,274356,207,98,1,740
03/08/22,Montréal,282041,5330,274536,180,136,2,741
03/09/22,Montréal,282261,5330,274718,182,220,0,742
03/10/22,Montréal,282438,5330,274886,168,177,0,743
03/11/22,Montréal,282592,5330,275113,227,154,0,744
03/12/22,Montréal,282756,5330,275283,170,164,0,745
03/13/22,Montréal,282892,5330,275453,170,136,0,746
03/14/22,Montréal,282984,5330,275583,130,92,0,747
03/15/22,Montréal,283110,5332,275741,158,126,2,748
03/16/22,Montréal,283285,5333,275896,155,175,1,749
03/17/22,Montréal,283498,5335,276028,132,213,2,750
03/18/22,Montréal,283719,5336,276250,222,221,1,751
03/19/22,Montréal,283936,5337,276420,170,217,1,752
03/20/22,Montréal,284096,5337,276622,202,160,0,753
03/21/22,Montréal,284220,5337,276788,166,124,0,754
03/22/22,Montréal,284425,5338,276951,163,205,1,755
03/23/22,Montréal,284760,5338,277051,100,335,0,756
03/24/22,Montréal,285165,5339,277194,143,405,1,757
03/25/22,Montréal,285589,5339,277391,197,424,0,758
03/26/22,Montréal,286036,5339,277591,200,447,0,759
03/27/22,Montréal,286405,5339,277791,200,369,0,760
03/28/22,Montréal,286670,5339,278002,211,265,0,761
03/29/22,Montréal,287035,5341,278182,180,365,2,762
03/30/22,Montréal,287546,5341,278334,152,511,0,763
03/31/22,Montréal,288199,5344,278538,204,653,3,764
04/01/22,Montréal,288837,5344,278897,359,638,0,765
04/02/22,Montréal,289486,5345,279297,400,649,1,766
04/03/22,Montréal,289993,5346,279746,449,507,1,767
04/04/22,Montréal,289993,5346,279746,0,0,0,768
04/05/22,Montréal,291844,5349,280850,1104,1851,3,769
04/06/22,Montréal,291844,5349,280850,0,0,0,770
04/07/22,Montréal,292618,5357,281216,366,774,8,771
04/08/22,Montréal,293335,5374,281832,616,717,17,772
04/09/22,Montréal,293957,5375,282457,625,622,1,773
04/10/22,Montréal,294601,5377,283084,627,644,2,774
04/11/22,Montréal,295041,5377,283696,612,440,0,775
04/12/22,Montréal,295530,5382,284282,586,489,5,776
04/13/22,Montréal,296264,5386,284713,431,734,4,777
04/14/22,Montréal,296875,5388,285205,492,611,2,778
04/15/22,Montréal,297588,5392,285983,778,713,4,779
04/16/22,Montréal,298093,5395,286672,689,505,3,780
04/17/22,Montréal,298462,5399,287335,663,369,4,781
04/18/22,Montréal,298764,5400,287884,549,302,1,782
04/19/22,Montréal,299085,5401,288409,525,321,1,783
04/20/22,Montréal,299470,5403,288801,392,385,2,784
04/21/22,Montréal,300056,5405,289216,415,586,2,785
04/22/22,Montréal,300530,5408,289828,612,474,3,786
04/23/22,Montréal,300991,5412,290417,589,461,4,787
04/24/22,Montréal,301357,5414,290931,514,366,2,788
04/25/22,Montréal,301623,5416,291392,461,266,2,789
04/26/22,Montréal,301975,5421,291752,360,352,5,790
04/27/22,Montréal,302411,5425,292041,289,436,4,791
04/28/22,Montréal,302799,5425,292318,277,388,0,792
04/29/22,Montréal,303152,5427,292730,412,353,2,793
04/30/22,Montréal,303512,5428,293222,492,360,1,794
05/01/22,Montréal,303793,5428,293726,504,281,0,795
05/02/22,Montréal,303983,5429,294171,445,190,1,796
05/03/22,Montréal,304215,5432,294567,396,232,3,797
05/04/22,Montréal,304562,5436,294883,316,347,4,798
05/05/22,Montréal,304845,5439,295171,288,283,3,799
05/06/22,Montréal,305110,5440,295597,426,265,1,800
05/07/22,Montréal,305346,5447,296034,437,236,7,801
05/08/22,Montréal,305509,5447,296408,374,163,0,802
05/09/22,Montréal,305660,5448,296734,326,151,1,803
05/10/22,Montréal,305829,5450,297035,301,169,2,804
05/11/22,Montréal,306048,5454,297278,243,219,4,805
05/12/22,Montréal,306109,5459,297456,178,61,5,806
05/13/22,Montréal,306313,5463,297809,353,204,4,807
05/14/22,Montréal,306509,5467,298097,288,196,4,808
05/15/22,Montréal,306658,5467,298339,242,149,0,809
05/16/22,Montréal,306807,5467,298593,254,149,0,810
05/17/22,Montréal,306807,5467,298593,0,0,0,811
